epoch,loss,val_loss
0,28.598848342895508,23.36029815673828
